,Condition,Date/Time,current,power,voltage
0,normal,Wed Nov  6 20:00:44 2019,0.55,8.17,14.68
1,normal,Wed Nov  6 20:00:45 2019,0.55,8.18,14.69
2,normal,Wed Nov  6 20:00:46 2019,0.57,8.44,14.68
3,normal,Wed Nov  6 20:00:47 2019,0.56,8.31,14.69
4,normal,Wed Nov  6 20:00:48 2019,0.56,8.32,14.68
5,normal,Wed Nov  6 20:00:49 2019,0.56,8.32,14.69
6,normal,Wed Nov  6 20:00:50 2019,0.56,8.32,14.69
7,normal,Wed Nov  6 20:00:51 2019,0.55,8.18,14.7
8,normal,Wed Nov  6 20:00:52 2019,0.56,8.32,14.7
9,normal,Wed Nov  6 20:00:53 2019,0.57,8.46,14.69
10,normal,Wed Nov  6 20:00:54 2019,0.54,8.05,14.7
11,normal,Wed Nov  6 20:00:55 2019,0.57,8.46,14.71
12,normal,Wed Nov  6 20:00:56 2019,0.55,8.19,14.72
13,normal,Wed Nov  6 20:00:57 2019,0.55,8.19,14.72
14,normal,Wed Nov  6 20:00:58 2019,0.57,8.46,14.72
15,normal,Wed Nov  6 20:00:59 2019,0.53,7.92,14.72
16,normal,Wed Nov  6 20:01:00 2019,0.57,8.46,14.73
17,normal,Wed Nov  6 20:01:01 2019,0.56,8.33,14.73
18,normal,Wed Nov  6 20:01:02 2019,0.56,8.33,14.74
19,normal,Wed Nov  6 20:01:03 2019,0.56,8.33,14.74
20,normal,Wed Nov  6 20:01:04 2019,0.55,8.21,14.75
21,normal,Wed Nov  6 20:01:05 2019,0.59,8.74,14.73
22,normal,Wed Nov  6 20:01:06 2019,0.53,7.94,14.73
23,normal,Wed Nov  6 20:01:07 2019,0.54,8.07,14.74
24,normal,Wed Nov  6 20:01:08 2019,0.56,8.35,14.74
25,normal,Wed Nov  6 20:01:09 2019,0.54,8.07,14.74
26,normal,Wed Nov  6 20:01:10 2019,0.54,8.08,14.74
27,normal,Wed Nov  6 20:01:11 2019,0.57,8.48,14.74
28,normal,Wed Nov  6 20:01:12 2019,0.58,8.62,14.75
29,normal,Wed Nov  6 20:01:13 2019,0.58,8.62,14.74
30,normal,Wed Nov  6 20:01:14 2019,0.56,8.35,14.74
31,normal,Wed Nov  6 20:01:15 2019,0.53,7.95,14.74
32,normal,Wed Nov  6 20:01:16 2019,0.58,8.62,14.76
33,normal,Wed Nov  6 20:01:17 2019,0.55,8.22,14.76
34,normal,Wed Nov  6 20:01:18 2019,0.55,8.22,14.76
35,normal,Wed Nov  6 20:01:19 2019,0.58,8.62,14.77
36,normal,Wed Nov  6 20:01:20 2019,0.54,8.09,14.78
37,normal,Wed Nov  6 20:01:21 2019,0.54,8.09,14.78
38,normal,Wed Nov  6 20:01:22 2019,0.58,8.64,14.78
39,normal,Wed Nov  6 20:01:23 2019,0.56,8.37,14.76
40,normal,Wed Nov  6 20:01:24 2019,0.57,8.49,14.77
41,normal,Wed Nov  6 20:01:25 2019,0.58,8.64,14.77
42,normal,Wed Nov  6 20:01:26 2019,0.58,8.64,14.77
43,normal,Wed Nov  6 20:01:27 2019,0.53,7.96,14.77
44,normal,Wed Nov  6 20:01:28 2019,0.55,8.23,14.79
45,normal,Wed Nov  6 20:01:29 2019,0.55,8.24,14.77
46,normal,Wed Nov  6 20:01:30 2019,0.56,8.37,14.79
47,normal,Wed Nov  6 20:01:32 2019,0.59,8.78,14.78
48,normal,Wed Nov  6 20:01:33 2019,0.56,8.37,14.78
49,normal,Wed Nov  6 20:01:34 2019,0.54,8.1,14.77
50,normal,Wed Nov  6 20:01:35 2019,0.56,8.37,14.79
51,normal,Wed Nov  6 20:01:36 2019,0.55,8.24,14.79
52,normal,Wed Nov  6 20:01:37 2019,0.59,8.78,14.79
53,normal,Wed Nov  6 20:01:38 2019,0.58,8.65,14.8
54,normal,Wed Nov  6 20:01:39 2019,0.56,8.38,14.79
55,normal,Wed Nov  6 20:01:40 2019,0.56,8.38,14.8
56,normal,Wed Nov  6 20:01:41 2019,0.55,8.24,14.79
57,normal,Wed Nov  6 20:01:42 2019,0.58,8.65,14.8
58,normal,Wed Nov  6 20:01:43 2019,0.54,8.11,14.81
59,normal,Wed Nov  6 20:01:44 2019,0.54,8.11,14.81
60,normal,Wed Nov  6 20:01:45 2019,0.58,8.65,14.8
61,normal,Wed Nov  6 20:01:46 2019,0.57,8.52,14.82
62,normal,Wed Nov  6 20:01:47 2019,0.57,8.52,14.81
63,normal,Wed Nov  6 20:01:48 2019,0.54,8.11,14.81
64,normal,Wed Nov  6 20:01:49 2019,0.55,8.25,14.8
65,normal,Wed Nov  6 20:01:50 2019,0.57,8.53,14.82
66,normal,Wed Nov  6 20:01:51 2019,0.57,8.52,14.83
67,normal,Wed Nov  6 20:01:52 2019,0.57,8.52,14.82
68,normal,Wed Nov  6 20:01:53 2019,0.53,7.98,14.82
69,normal,Wed Nov  6 20:01:54 2019,0.57,8.53,14.82
70,normal,Wed Nov  6 20:01:55 2019,0.56,8.39,14.83
71,normal,Wed Nov  6 20:01:56 2019,0.54,8.12,14.82
72,normal,Wed Nov  6 20:01:57 2019,0.55,8.26,14.83
73,normal,Wed Nov  6 20:01:58 2019,0.58,8.67,14.82
74,normal,Wed Nov  6 20:01:59 2019,0.55,8.26,14.82
75,normal,Wed Nov  6 20:02:00 2019,0.53,7.99,14.83
76,normal,Wed Nov  6 20:02:01 2019,0.58,8.67,14.84
77,normal,Wed Nov  6 20:02:02 2019,0.54,8.13,14.83
78,normal,Wed Nov  6 20:02:03 2019,0.55,8.26,14.83
79,normal,Wed Nov  6 20:02:04 2019,0.58,8.67,14.84
80,normal,Wed Nov  6 20:02:05 2019,0.55,8.27,14.83
81,normal,Wed Nov  6 20:02:06 2019,0.56,8.4,14.84
82,normal,Wed Nov  6 20:02:07 2019,0.54,8.13,14.85
83,normal,Wed Nov  6 20:02:08 2019,0.56,8.4,14.84
84,normal,Wed Nov  6 20:02:09 2019,0.55,8.27,14.83
85,normal,Wed Nov  6 20:02:10 2019,0.53,8,14.85
86,normal,Wed Nov  6 20:02:11 2019,0.55,8.27,14.85
87,normal,Wed Nov  6 20:02:12 2019,0.58,8.68,14.86
88,normal,Wed Nov  6 20:02:13 2019,0.59,8.82,14.85
89,normal,Wed Nov  6 20:02:14 2019,0.56,8.41,14.86
90,normal,Wed Nov  6 20:02:15 2019,0.55,8.28,14.86
91,normal,Wed Nov  6 20:02:16 2019,0.6,8.96,14.85
92,normal,Wed Nov  6 20:02:17 2019,0.58,8.68,14.85
93,normal,Wed Nov  6 20:02:18 2019,0.56,8.41,14.86
94,normal,Wed Nov  6 20:02:19 2019,0.59,8.82,14.86
95,normal,Wed Nov  6 20:02:20 2019,0.59,8.82,14.87
96,normal,Wed Nov  6 20:02:21 2019,0.53,8.01,14.88
97,normal,Wed Nov  6 20:02:22 2019,0.58,8.69,14.86
98,normal,Wed Nov  6 20:02:23 2019,0.53,8.01,14.87
99,normal,Wed Nov  6 20:02:24 2019,0.58,8.69,14.87
100,normal,Wed Nov  6 20:02:25 2019,0.55,8.28,14.88
101,normal,Wed Nov  6 20:02:26 2019,0.54,8.15,14.89
102,normal,Wed Nov  6 20:02:27 2019,0.58,8.69,14.88
103,normal,Wed Nov  6 20:02:28 2019,0.57,8.56,14.88
104,normal,Wed Nov  6 20:02:29 2019,0.59,8.84,14.88
105,normal,Wed Nov  6 20:02:30 2019,0.56,8.43,14.9
106,normal,Wed Nov  6 20:02:31 2019,0.55,8.29,14.86
107,normal,Wed Nov  6 20:02:32 2019,0.57,8.56,14.88
108,normal,Wed Nov  6 20:02:33 2019,0.53,8.02,14.89
109,normal,Wed Nov  6 20:02:34 2019,0.58,8.7,14.89
110,normal,Wed Nov  6 20:02:35 2019,0.56,8.43,14.88
111,normal,Wed Nov  6 20:02:36 2019,0.58,8.7,14.9
112,normal,Wed Nov  6 20:02:37 2019,0.55,8.3,14.89
113,normal,Wed Nov  6 20:02:38 2019,0.57,8.57,14.9
114,normal,Wed Nov  6 20:02:39 2019,0.6,8.98,14.9
115,normal,Wed Nov  6 20:02:40 2019,0.56,8.44,14.9
116,normal,Wed Nov  6 20:02:41 2019,0.55,8.3,14.91
117,normal,Wed Nov  6 20:02:42 2019,0.6,8.98,14.9
118,normal,Wed Nov  6 20:02:43 2019,0.57,8.57,14.9
119,normal,Wed Nov  6 20:02:44 2019,0.58,8.71,14.9
120,normal,Wed Nov  6 20:02:45 2019,0.57,8.58,14.9
121,normal,Wed Nov  6 20:02:46 2019,0.58,8.71,14.9
122,normal,Wed Nov  6 20:02:47 2019,0.55,8.31,14.89
123,normal,Wed Nov  6 20:02:48 2019,0.55,8.3,14.92
124,normal,Wed Nov  6 20:02:49 2019,0.6,8.98,14.91
125,normal,Wed Nov  6 20:02:50 2019,0.59,8.85,14.92
126,normal,Wed Nov  6 20:02:51 2019,0.59,8.85,14.88
127,normal,Wed Nov  6 20:02:52 2019,0.59,8.85,14.92
128,normal,Wed Nov  6 20:02:53 2019,0.59,8.85,14.91
129,normal,Wed Nov  6 20:02:54 2019,0.6,8.99,14.92
130,normal,Wed Nov  6 20:02:55 2019,0.6,9,14.92
131,normal,Wed Nov  6 20:02:56 2019,0.55,8.31,14.91
132,normal,Wed Nov  6 20:02:57 2019,0.56,8.45,14.92
133,normal,Wed Nov  6 20:02:58 2019,0.59,8.86,14.93
134,normal,Wed Nov  6 20:02:59 2019,0.61,9.13,14.92
135,normal,Wed Nov  6 20:03:00 2019,0.56,8.45,14.93
136,normal,Wed Nov  6 20:03:01 2019,0.57,8.59,14.94
137,normal,Wed Nov  6 20:03:02 2019,0.58,8.72,14.92
138,normal,Wed Nov  6 20:03:03 2019,0.59,8.86,14.93
139,normal,Wed Nov  6 20:03:04 2019,0.57,8.59,14.93
140,normal,Wed Nov  6 20:03:05 2019,0.56,8.45,14.93
141,normal,Wed Nov  6 20:03:06 2019,0.57,8.59,14.93
142,normal,Wed Nov  6 20:03:07 2019,0.54,8.19,14.92
143,normal,Wed Nov  6 20:03:08 2019,0.56,8.46,14.94
144,normal,Wed Nov  6 20:03:09 2019,0.59,8.87,14.93
145,normal,Wed Nov  6 20:03:10 2019,0.58,8.73,14.94
146,normal,Wed Nov  6 20:03:11 2019,0.57,8.6,14.95
147,normal,Wed Nov  6 20:03:12 2019,0.56,8.46,14.94
148,normal,Wed Nov  6 20:03:13 2019,0.58,8.74,14.94
149,normal,Wed Nov  6 20:03:14 2019,0.59,8.87,14.94
150,normal,Wed Nov  6 20:03:15 2019,0.55,8.33,14.94
151,normal,Wed Nov  6 20:03:16 2019,0.57,8.6,14.94
152,normal,Wed Nov  6 20:03:18 2019,0.58,8.74,14.96
153,normal,Wed Nov  6 20:03:19 2019,0.57,8.61,14.94
154,normal,Wed Nov  6 20:03:20 2019,0.59,8.88,14.96
155,normal,Wed Nov  6 20:03:21 2019,0.54,8.19,14.96
156,normal,Wed Nov  6 20:03:22 2019,0.6,9.02,14.97
157,normal,Wed Nov  6 20:03:23 2019,0.6,9.01,14.95
158,normal,Wed Nov  6 20:03:24 2019,0.58,8.74,14.97
159,normal,Wed Nov  6 20:03:25 2019,0.59,8.88,14.96
160,normal,Wed Nov  6 20:03:26 2019,0.57,8.61,14.95
161,normal,Wed Nov  6 20:03:27 2019,0.6,9.02,14.96
162,normal,Wed Nov  6 20:03:28 2019,0.58,8.74,14.97
163,normal,Wed Nov  6 20:03:29 2019,0.61,9.15,14.96
164,normal,Wed Nov  6 20:03:30 2019,0.6,9.02,14.97
165,normal,Wed Nov  6 20:03:31 2019,0.56,8.48,14.96
166,normal,Wed Nov  6 20:03:32 2019,0.57,8.61,14.98
167,normal,Wed Nov  6 20:03:33 2019,0.56,8.48,14.96
168,normal,Wed Nov  6 20:03:34 2019,0.57,8.61,14.97
169,normal,Wed Nov  6 20:03:35 2019,0.58,8.75,14.96
170,normal,Wed Nov  6 20:03:36 2019,0.54,8.2,14.97
171,normal,Wed Nov  6 20:03:37 2019,0.58,8.76,14.98
172,normal,Wed Nov  6 20:03:38 2019,0.58,8.75,14.97
173,normal,Wed Nov  6 20:03:39 2019,0.54,8.2,14.96
174,normal,Wed Nov  6 20:03:40 2019,0.55,8.35,14.99
175,normal,Wed Nov  6 20:03:41 2019,0.6,9.03,14.98
176,normal,Wed Nov  6 20:03:42 2019,0.56,8.49,14.97
177,normal,Wed Nov  6 20:03:43 2019,0.61,9.17,14.99
178,normal,Wed Nov  6 20:03:44 2019,0.6,9.04,14.99
179,normal,Wed Nov  6 20:03:45 2019,0.58,8.76,14.99
180,normal,Wed Nov  6 20:03:46 2019,0.56,8.49,14.98
181,normal,Wed Nov  6 20:03:47 2019,0.59,8.9,14.99
182,normal,Wed Nov  6 20:03:48 2019,0.6,9.04,15.01
183,normal,Wed Nov  6 20:03:49 2019,0.55,8.35,14.99
184,normal,Wed Nov  6 20:03:50 2019,0.57,8.63,14.98
185,normal,Wed Nov  6 20:03:51 2019,0.55,8.35,15
186,normal,Wed Nov  6 20:03:52 2019,0.55,8.35,14.99
187,normal,Wed Nov  6 20:03:53 2019,0.56,8.5,15
188,normal,Wed Nov  6 20:03:54 2019,0.58,8.77,14.99
189,normal,Wed Nov  6 20:03:55 2019,0.58,8.77,15.01
190,normal,Wed Nov  6 20:03:56 2019,0.59,8.91,15
191,normal,Wed Nov  6 20:03:57 2019,0.6,9.05,15.01
192,normal,Wed Nov  6 20:03:58 2019,0.56,8.5,15.02
193,normal,Wed Nov  6 20:03:59 2019,0.59,8.91,15.01
194,normal,Wed Nov  6 20:04:00 2019,0.59,8.91,15.02
195,normal,Wed Nov  6 20:04:01 2019,0.6,9.05,15
196,normal,Wed Nov  6 20:04:02 2019,0.56,8.5,14.99
197,normal,Wed Nov  6 20:04:03 2019,0.57,8.64,15.02
198,normal,Wed Nov  6 20:04:04 2019,0.58,8.78,15
199,normal,Wed Nov  6 20:04:05 2019,0.6,9.05,15.01
200,normal,Wed Nov  6 20:04:06 2019,0.59,8.92,15.01
201,normal,Wed Nov  6 20:04:07 2019,0.56,8.5,15.02
202,normal,Wed Nov  6 20:04:08 2019,0.54,8.23,15.01
203,normal,Wed Nov  6 20:04:09 2019,0.59,8.92,15.01
204,normal,Wed Nov  6 20:04:10 2019,0.59,8.92,15
205,normal,Wed Nov  6 20:04:11 2019,0.6,9.06,15
206,normal,Wed Nov  6 20:04:12 2019,0.61,9.19,15.01
207,normal,Wed Nov  6 20:04:13 2019,0.58,8.78,15.02
208,normal,Wed Nov  6 20:04:14 2019,0.57,8.64,15.02
209,normal,Wed Nov  6 20:04:15 2019,0.59,8.93,15.02
210,normal,Wed Nov  6 20:04:16 2019,0.58,8.79,15.03
211,normal,Wed Nov  6 20:04:17 2019,0.56,8.51,15.03
212,normal,Wed Nov  6 20:04:18 2019,0.6,9.06,15.03
213,normal,Wed Nov  6 20:04:19 2019,0.61,9.2,15.02
214,normal,Wed Nov  6 20:04:20 2019,0.56,8.51,15.01
215,normal,Wed Nov  6 20:04:21 2019,0.6,9.06,15.02
216,normal,Wed Nov  6 20:04:22 2019,0.55,8.38,15.03
217,normal,Wed Nov  6 20:04:23 2019,0.6,9.06,15.03
218,normal,Wed Nov  6 20:04:24 2019,0.57,8.65,15.03
219,normal,Wed Nov  6 20:04:25 2019,0.59,8.93,15.02
220,normal,Wed Nov  6 20:04:26 2019,0.53,8.1,15.04
221,normal,Wed Nov  6 20:04:27 2019,0.6,9.06,15.03
222,normal,Wed Nov  6 20:04:28 2019,0.55,8.38,15.03
223,normal,Wed Nov  6 20:04:29 2019,0.58,8.8,15.04
224,normal,Wed Nov  6 20:04:30 2019,0.6,9.07,15.05
225,normal,Wed Nov  6 20:04:31 2019,0.57,8.66,15.04
226,normal,Wed Nov  6 20:04:32 2019,0.55,8.38,15.03
227,normal,Wed Nov  6 20:04:33 2019,0.58,8.8,15.03
228,normal,Wed Nov  6 20:04:34 2019,0.57,8.66,15.03
229,normal,Wed Nov  6 20:04:35 2019,0.57,8.66,15.04
230,normal,Wed Nov  6 20:04:36 2019,0.55,8.39,15.02
231,normal,Wed Nov  6 20:04:37 2019,0.55,8.38,15.04
232,normal,Wed Nov  6 20:04:38 2019,0.56,8.52,15.03
233,normal,Wed Nov  6 20:04:39 2019,0.54,8.25,15.05
234,normal,Wed Nov  6 20:04:40 2019,0.55,8.39,15.05
235,normal,Wed Nov  6 20:04:41 2019,0.59,8.94,15.05
236,normal,Wed Nov  6 20:04:42 2019,0.61,9.21,15.05
237,normal,Wed Nov  6 20:04:43 2019,0.59,8.94,15.03
238,normal,Wed Nov  6 20:04:44 2019,0.56,8.53,15.05
239,normal,Wed Nov  6 20:04:45 2019,0.06,0.96,14.76
240,normal,Wed Nov  6 20:04:46 2019,0.07,1.09,14.68
241,normal,Wed Nov  6 20:04:47 2019,0.05,0.81,14.63
242,normal,Wed Nov  6 20:04:48 2019,0.07,1.08,14.6
243,normal,Wed Nov  6 20:04:49 2019,0.12,1.76,14.58
244,normal,Wed Nov  6 20:04:50 2019,0.11,1.62,14.59
245,normal,Wed Nov  6 20:04:51 2019,0.5,7.44,14.78
246,normal,Wed Nov  6 20:04:52 2019,0.51,7.58,14.81
247,normal,Wed Nov  6 20:04:53 2019,0.48,7.18,14.79
248,normal,Wed Nov  6 20:04:54 2019,0.47,7.05,14.83
249,normal,Wed Nov  6 20:04:55 2019,0.51,7.59,14.82
250,normal,Wed Nov  6 20:04:56 2019,0.45,6.78,14.81
251,normal,Wed Nov  6 20:04:57 2019,0.5,7.46,14.83
252,normal,Wed Nov  6 20:04:58 2019,0.46,6.92,14.83
253,normal,Wed Nov  6 20:04:59 2019,0.46,6.92,14.84
254,normal,Wed Nov  6 20:05:00 2019,0.51,7.59,14.86
255,normal,Wed Nov  6 20:05:01 2019,0.48,7.19,14.83
256,normal,Wed Nov  6 20:05:02 2019,0.51,7.6,14.83
257,normal,Wed Nov  6 20:05:03 2019,0.49,7.33,14.84
258,normal,Wed Nov  6 20:05:04 2019,0.46,6.93,14.85
259,normal,Wed Nov  6 20:05:05 2019,0.47,7.06,14.83
260,normal,Wed Nov  6 20:05:07 2019,0.5,7.46,14.84
261,normal,Wed Nov  6 20:05:08 2019,0.48,7.2,14.84
262,normal,Wed Nov  6 20:05:09 2019,0.48,7.2,14.84
263,normal,Wed Nov  6 20:05:10 2019,0.5,7.47,14.85
264,normal,Wed Nov  6 20:05:11 2019,0.51,7.61,14.84
265,normal,Wed Nov  6 20:05:12 2019,0.51,7.61,14.86
266,normal,Wed Nov  6 20:05:13 2019,0.47,7.06,14.85
267,normal,Wed Nov  6 20:05:14 2019,0.5,7.47,14.84
268,normal,Wed Nov  6 20:05:15 2019,0.52,7.74,14.84
269,normal,Wed Nov  6 20:05:16 2019,0.5,7.47,14.86
270,normal,Wed Nov  6 20:05:17 2019,0.49,7.33,14.86
271,normal,Wed Nov  6 20:05:18 2019,0.47,7.06,14.86
272,normal,Wed Nov  6 20:05:19 2019,0.47,7.06,14.85
273,normal,Wed Nov  6 20:05:20 2019,0.52,7.74,14.87
274,normal,Wed Nov  6 20:05:21 2019,0.51,7.61,14.85
275,normal,Wed Nov  6 20:05:22 2019,0.5,7.47,14.85
276,normal,Wed Nov  6 20:05:23 2019,0.5,7.47,14.84
277,normal,Wed Nov  6 20:05:24 2019,0.49,7.33,14.85
278,normal,Wed Nov  6 20:05:25 2019,0.49,7.33,14.86
279,normal,Wed Nov  6 20:05:26 2019,0.46,6.93,14.85
280,normal,Wed Nov  6 20:05:27 2019,0.46,6.93,14.86
281,normal,Wed Nov  6 20:05:28 2019,0.51,7.61,14.85
282,normal,Wed Nov  6 20:05:29 2019,0.49,7.33,14.85
283,normal,Wed Nov  6 20:05:30 2019,0.46,6.93,14.85
284,normal,Wed Nov  6 20:05:31 2019,0.51,7.61,14.85
285,normal,Wed Nov  6 20:05:32 2019,0.51,7.61,14.85
286,normal,Wed Nov  6 20:05:33 2019,0.51,7.61,14.85
287,normal,Wed Nov  6 20:05:34 2019,0.5,7.47,14.86
288,normal,Wed Nov  6 20:05:35 2019,0.46,6.93,14.86
289,normal,Wed Nov  6 20:05:36 2019,0.45,6.79,14.85
290,normal,Wed Nov  6 20:05:37 2019,0.45,6.79,14.86
291,normal,Wed Nov  6 20:05:38 2019,0.47,7.06,14.85
292,normal,Wed Nov  6 20:05:39 2019,0.48,7.2,14.85
293,normal,Wed Nov  6 20:05:40 2019,0.44,6.65,14.85
294,normal,Wed Nov  6 20:05:41 2019,0.52,7.75,14.85
295,normal,Wed Nov  6 20:05:42 2019,0.46,6.93,14.87
296,normal,Wed Nov  6 20:05:43 2019,0.46,6.93,14.85
297,normal,Wed Nov  6 20:05:44 2019,0.45,6.79,14.85
298,normal,Wed Nov  6 20:05:45 2019,0.51,7.61,14.85
299,normal,Wed Nov  6 20:05:46 2019,0.45,6.79,14.84
300,normal,Wed Nov  6 20:05:47 2019,0.51,7.61,14.85
301,normal,Wed Nov  6 20:05:48 2019,0.51,7.61,14.85
302,normal,Wed Nov  6 20:05:49 2019,0.51,7.61,14.85
303,normal,Wed Nov  6 20:05:50 2019,0.49,7.33,14.86
304,normal,Wed Nov  6 20:05:51 2019,0.48,7.2,14.85
305,normal,Wed Nov  6 20:05:52 2019,0.48,7.2,14.86
306,normal,Wed Nov  6 20:05:53 2019,0.46,6.93,14.85
307,normal,Wed Nov  6 20:05:54 2019,0.49,7.33,14.86
308,normal,Wed Nov  6 20:05:55 2019,0.51,7.61,14.85
309,normal,Wed Nov  6 20:05:56 2019,0.45,6.79,14.86
310,normal,Wed Nov  6 20:05:57 2019,0.47,7.06,14.84
311,normal,Wed Nov  6 20:05:58 2019,0.49,7.33,14.86
312,normal,Wed Nov  6 20:05:59 2019,0.47,7.06,14.85
313,normal,Wed Nov  6 20:06:00 2019,0.45,6.79,14.86
314,normal,Wed Nov  6 20:06:01 2019,0.46,6.93,14.86
315,normal,Wed Nov  6 20:06:02 2019,0.46,6.93,14.85
316,normal,Wed Nov  6 20:06:03 2019,0.48,7.2,14.85
317,normal,Wed Nov  6 20:06:04 2019,0.46,6.93,14.85
318,normal,Wed Nov  6 20:06:05 2019,0.46,6.93,14.83
319,normal,Wed Nov  6 20:06:06 2019,0.51,7.61,14.85
320,normal,Wed Nov  6 20:06:07 2019,0.51,7.61,14.84
321,normal,Wed Nov  6 20:06:08 2019,0.49,7.33,14.84
322,normal,Wed Nov  6 20:06:09 2019,0.51,7.61,14.85
323,normal,Wed Nov  6 20:06:10 2019,0.49,7.33,14.85
324,normal,Wed Nov  6 20:06:11 2019,0.46,6.93,14.85
325,normal,Wed Nov  6 20:06:12 2019,0.49,7.33,14.85
326,normal,Wed Nov  6 20:06:13 2019,0.47,7.06,14.86
327,normal,Wed Nov  6 20:06:14 2019,0.48,7.2,14.86
328,normal,Wed Nov  6 20:06:15 2019,0.49,7.33,14.85
329,normal,Wed Nov  6 20:06:16 2019,0.49,7.33,14.85
330,normal,Wed Nov  6 20:06:17 2019,0.51,7.61,14.85
331,normal,Wed Nov  6 20:06:18 2019,0.48,7.2,14.83
332,normal,Wed Nov  6 20:06:19 2019,0.51,7.61,14.85
333,normal,Wed Nov  6 20:06:20 2019,0.47,7.06,14.85
334,normal,Wed Nov  6 20:06:21 2019,0.46,6.93,14.85
335,normal,Wed Nov  6 20:06:22 2019,0.48,7.2,14.84
336,normal,Wed Nov  6 20:06:23 2019,0.51,7.61,14.84
337,normal,Wed Nov  6 20:06:24 2019,0.44,6.65,14.84
338,normal,Wed Nov  6 20:06:25 2019,0.47,7.06,14.85
339,normal,Wed Nov  6 20:06:26 2019,0.51,7.61,14.85
340,normal,Wed Nov  6 20:06:27 2019,0.47,7.07,14.86
341,normal,Wed Nov  6 20:06:28 2019,0.48,7.2,14.86
342,normal,Wed Nov  6 20:06:29 2019,0.47,7.06,14.85
343,normal,Wed Nov  6 20:06:30 2019,0.46,6.93,14.85
344,normal,Wed Nov  6 20:06:31 2019,0.49,7.33,14.84
345,normal,Wed Nov  6 20:06:32 2019,0.49,7.33,14.85
346,normal,Wed Nov  6 20:06:33 2019,0.47,7.06,14.85
347,normal,Wed Nov  6 20:06:34 2019,0.51,7.61,14.84
348,normal,Wed Nov  6 20:06:35 2019,0.52,7.74,14.86
349,normal,Wed Nov  6 20:06:36 2019,0.47,7.06,14.85
350,normal,Wed Nov  6 20:06:37 2019,0.51,7.61,14.85
351,normal,Wed Nov  6 20:06:38 2019,0.47,7.06,14.85
352,normal,Wed Nov  6 20:06:39 2019,0.45,6.79,14.84
353,normal,Wed Nov  6 20:06:40 2019,0.5,7.47,14.85
354,normal,Wed Nov  6 20:06:41 2019,0.48,7.2,14.85
355,normal,Wed Nov  6 20:06:42 2019,0.49,7.33,14.85
356,normal,Wed Nov  6 20:06:43 2019,0.51,7.61,14.86
357,normal,Wed Nov  6 20:06:44 2019,0.45,6.79,14.84
358,normal,Wed Nov  6 20:06:45 2019,0.48,7.2,14.86
359,normal,Wed Nov  6 20:06:46 2019,0.47,7.06,14.84
360,normal,Wed Nov  6 20:06:47 2019,0.5,7.47,14.85
361,normal,Wed Nov  6 20:06:48 2019,0.46,6.93,14.85
362,normal,Wed Nov  6 20:06:49 2019,0.49,7.33,14.85
363,normal,Wed Nov  6 20:06:50 2019,0.49,7.33,14.87
364,normal,Wed Nov  6 20:06:51 2019,0.45,6.79,14.85
365,normal,Wed Nov  6 20:06:52 2019,0.51,7.61,14.85
366,normal,Wed Nov  6 20:06:53 2019,0.48,7.2,14.86
367,normal,Wed Nov  6 20:06:55 2019,0.49,7.33,14.86
368,normal,Wed Nov  6 20:06:56 2019,0.51,7.61,14.82
369,normal,Wed Nov  6 20:06:57 2019,0.45,6.79,14.86
370,normal,Wed Nov  6 20:06:58 2019,0.46,6.93,14.86
371,normal,Wed Nov  6 20:06:59 2019,0.51,7.61,14.83
372,normal,Wed Nov  6 20:07:00 2019,0.49,7.33,14.86
373,normal,Wed Nov  6 20:07:01 2019,0.48,7.2,14.84
374,normal,Wed Nov  6 20:07:02 2019,0.48,7.2,14.84
375,normal,Wed Nov  6 20:07:03 2019,0.51,7.61,14.85
376,normal,Wed Nov  6 20:07:04 2019,0.49,7.33,14.83
377,normal,Wed Nov  6 20:07:05 2019,0.52,7.74,14.83
378,normal,Wed Nov  6 20:07:06 2019,0.45,6.79,14.84
379,normal,Wed Nov  6 20:07:07 2019,0.48,7.2,14.85
380,normal,Wed Nov  6 20:07:08 2019,0.52,7.74,14.85
381,normal,Wed Nov  6 20:07:09 2019,0.5,7.46,14.86
382,normal,Wed Nov  6 20:07:10 2019,0.49,7.33,14.85
383,normal,Wed Nov  6 20:07:11 2019,0.49,7.33,14.85
384,normal,Wed Nov  6 20:07:12 2019,0.45,6.79,14.86
385,normal,Wed Nov  6 20:07:13 2019,0.51,7.61,14.85
386,normal,Wed Nov  6 20:07:14 2019,0.45,6.79,14.86
387,normal,Wed Nov  6 20:07:15 2019,0.48,7.2,14.84
388,normal,Wed Nov  6 20:07:16 2019,0.46,6.93,14.84
389,normal,Wed Nov  6 20:07:17 2019,0.51,7.61,14.87
390,normal,Wed Nov  6 20:07:18 2019,0.45,6.79,14.83
391,normal,Wed Nov  6 20:07:19 2019,0.47,7.06,14.85
392,normal,Wed Nov  6 20:07:20 2019,0.49,7.33,14.85
393,normal,Wed Nov  6 20:07:21 2019,0.5,7.47,14.85
394,normal,Wed Nov  6 20:07:22 2019,0.46,6.93,14.85
395,normal,Wed Nov  6 20:07:23 2019,0.46,6.93,14.85
396,normal,Wed Nov  6 20:07:24 2019,0.5,7.47,14.85
397,normal,Wed Nov  6 20:07:25 2019,0.51,7.61,14.83
398,normal,Wed Nov  6 20:07:26 2019,0.51,7.61,14.83
399,normal,Wed Nov  6 20:07:27 2019,0.51,7.61,14.85
400,normal,Wed Nov  6 20:07:28 2019,0.48,7.2,14.81
401,normal,Wed Nov  6 20:07:29 2019,0.47,7.06,14.84
402,normal,Wed Nov  6 20:07:30 2019,0.46,6.93,14.85
403,normal,Wed Nov  6 20:07:31 2019,0.52,7.74,14.86
404,normal,Wed Nov  6 20:07:32 2019,0.49,7.33,14.85
405,normal,Wed Nov  6 20:07:33 2019,0.48,7.2,14.85
406,normal,Wed Nov  6 20:07:34 2019,0.51,7.61,14.84
407,normal,Wed Nov  6 20:07:35 2019,0.45,6.79,14.86
408,normal,Wed Nov  6 20:07:36 2019,0.47,7.06,14.86
409,normal,Wed Nov  6 20:07:37 2019,0.51,7.61,14.84
410,normal,Wed Nov  6 20:07:38 2019,0.47,7.06,14.85
411,normal,Wed Nov  6 20:07:39 2019,0.49,7.33,14.85
412,normal,Wed Nov  6 20:07:40 2019,0.49,7.33,14.84
413,normal,Wed Nov  6 20:07:41 2019,0.44,6.65,14.84
414,normal,Wed Nov  6 20:07:42 2019,0.44,6.65,14.85
415,normal,Wed Nov  6 20:07:43 2019,0.5,7.47,14.86
416,normal,Wed Nov  6 20:07:44 2019,0.5,7.47,14.86
417,normal,Wed Nov  6 20:07:45 2019,0.47,7.06,14.85
418,normal,Wed Nov  6 20:07:46 2019,0.45,6.79,14.85
419,normal,Wed Nov  6 20:07:47 2019,0.5,7.46,14.85
420,normal,Wed Nov  6 20:07:48 2019,0.44,6.65,14.85
421,normal,Wed Nov  6 20:07:49 2019,0.47,7.06,14.85
422,normal,Wed Nov  6 20:07:50 2019,0.47,7.06,14.85
423,normal,Wed Nov  6 20:07:51 2019,0.44,6.65,14.85
424,normal,Wed Nov  6 20:07:52 2019,0.5,7.46,14.83
425,normal,Wed Nov  6 20:07:53 2019,0.47,7.06,14.85
426,normal,Wed Nov  6 20:07:54 2019,0.5,7.47,14.85
427,normal,Wed Nov  6 20:07:55 2019,0.44,6.65,14.85
428,normal,Wed Nov  6 20:07:56 2019,0.5,7.47,14.85
429,normal,Wed Nov  6 20:07:57 2019,0.5,7.46,14.83
430,normal,Wed Nov  6 20:07:58 2019,0.49,7.33,14.84
431,normal,Wed Nov  6 20:07:59 2019,0.48,7.19,14.85
432,normal,Wed Nov  6 20:08:00 2019,0.46,6.93,14.83
433,normal,Wed Nov  6 20:08:01 2019,0.48,7.2,14.85
434,normal,Wed Nov  6 20:08:02 2019,0.46,6.93,14.86
435,normal,Wed Nov  6 20:08:03 2019,0.5,7.46,14.86
436,normal,Wed Nov  6 20:08:04 2019,0.46,6.93,14.83
437,normal,Wed Nov  6 20:08:05 2019,0.51,7.61,14.83
438,normal,Wed Nov  6 20:08:06 2019,0.5,7.46,14.83
439,normal,Wed Nov  6 20:08:07 2019,0.48,7.2,14.86
440,normal,Wed Nov  6 20:08:08 2019,0.5,7.47,14.84
441,normal,Wed Nov  6 20:08:09 2019,0.44,6.65,14.85
442,normal,Wed Nov  6 20:08:10 2019,0.44,6.65,14.83
443,normal,Wed Nov  6 20:08:11 2019,0.48,7.2,14.82
444,normal,Wed Nov  6 20:08:12 2019,0.46,6.92,14.85
445,normal,Wed Nov  6 20:08:13 2019,0.47,7.06,14.84
446,normal,Wed Nov  6 20:08:14 2019,0.51,7.61,14.83
447,normal,Wed Nov  6 20:08:15 2019,0.45,6.79,14.84
448,normal,Wed Nov  6 20:08:16 2019,0.49,7.33,14.83
449,normal,Wed Nov  6 20:08:17 2019,0.46,6.93,14.83
450,normal,Wed Nov  6 20:08:18 2019,0.43,6.51,14.82
451,normal,Wed Nov  6 20:08:19 2019,0.45,6.79,14.85
452,normal,Wed Nov  6 20:08:20 2019,0.47,7.06,14.84
453,normal,Wed Nov  6 20:08:21 2019,0.45,6.79,14.84
454,normal,Wed Nov  6 20:08:22 2019,0.5,7.46,14.82
455,normal,Wed Nov  6 20:08:23 2019,0.5,7.47,14.85
456,normal,Wed Nov  6 20:08:24 2019,0.45,6.79,14.83
457,normal,Wed Nov  6 20:08:25 2019,0.45,6.79,14.85
458,normal,Wed Nov  6 20:08:26 2019,0.47,7.06,14.83
459,normal,Wed Nov  6 20:08:27 2019,0.44,6.65,14.83
460,normal,Wed Nov  6 20:08:28 2019,0.48,7.19,14.83
461,normal,Wed Nov  6 20:08:29 2019,0.49,7.33,14.83
462,normal,Wed Nov  6 20:08:30 2019,0.24,3.66,14.7
463,normal,Wed Nov  6 20:08:31 2019,0.1,1.48,14.57
464,normal,Wed Nov  6 20:08:32 2019,0.11,1.62,14.56
465,normal,Wed Nov  6 20:08:33 2019,0.08,1.21,14.57
466,normal,Wed Nov  6 20:08:34 2019,0.1,1.48,14.53
467,normal,Wed Nov  6 20:08:35 2019,0.08,1.21,14.49
468,normal,Wed Nov  6 20:08:36 2019,0.09,1.34,14.51
469,normal,Wed Nov  6 20:08:37 2019,0.1,1.48,14.5
470,normal,Wed Nov  6 20:08:38 2019,0.04,0.67,14.51
471,normal,Wed Nov  6 20:08:39 2019,0.36,5.39,14.68
472,normal,Wed Nov  6 20:08:40 2019,0.35,5.26,14.69
473,normal,Wed Nov  6 20:08:41 2019,0.38,5.66,14.69
474,normal,Wed Nov  6 20:08:42 2019,0.37,5.53,14.69
475,normal,Wed Nov  6 20:08:43 2019,0.34,5.12,14.68
476,normal,Wed Nov  6 20:08:44 2019,0.34,5.12,14.7
477,normal,Wed Nov  6 20:08:46 2019,0.38,5.67,14.71
478,normal,Wed Nov  6 20:08:47 2019,0.38,5.66,14.69
479,normal,Wed Nov  6 20:08:48 2019,0.36,5.4,14.71
480,normal,Wed Nov  6 20:08:49 2019,0.36,5.39,14.7
481,normal,Wed Nov  6 20:08:50 2019,0.34,5.12,14.7
482,normal,Wed Nov  6 20:08:51 2019,0.35,5.26,14.69
483,normal,Wed Nov  6 20:08:52 2019,0.37,5.53,14.69
484,normal,Wed Nov  6 20:08:53 2019,0.38,5.66,14.69
485,normal,Wed Nov  6 20:08:54 2019,0.38,5.67,14.7
486,normal,Wed Nov  6 20:08:55 2019,0.33,4.85,14.71
487,normal,Wed Nov  6 20:08:56 2019,0.37,5.53,14.7
488,normal,Wed Nov  6 20:08:57 2019,0.37,5.53,14.72
489,normal,Wed Nov  6 20:08:58 2019,0.38,5.66,14.68
490,normal,Wed Nov  6 20:08:59 2019,0.33,4.99,14.7
491,normal,Wed Nov  6 20:09:00 2019,0.33,4.99,14.71
492,normal,Wed Nov  6 20:09:01 2019,0.39,5.8,14.69
493,normal,Wed Nov  6 20:09:02 2019,0.34,5.12,14.68
494,normal,Wed Nov  6 20:09:03 2019,0.34,5.12,14.7
495,normal,Wed Nov  6 20:09:04 2019,0.36,5.39,14.7
496,normal,Wed Nov  6 20:09:05 2019,0.32,4.72,14.7
497,normal,Wed Nov  6 20:09:06 2019,0.39,5.8,14.7
498,normal,Wed Nov  6 20:09:07 2019,0.33,4.85,14.69
499,normal,Wed Nov  6 20:09:08 2019,0.38,5.66,14.69
500,normal,Wed Nov  6 20:09:09 2019,0.33,4.85,14.7
501,normal,Wed Nov  6 20:09:10 2019,0.37,5.53,14.68
502,normal,Wed Nov  6 20:09:11 2019,0.35,5.26,14.69
503,normal,Wed Nov  6 20:09:12 2019,0.36,5.39,14.7
504,normal,Wed Nov  6 20:09:13 2019,0.36,5.39,14.71
505,normal,Wed Nov  6 20:09:14 2019,0.38,5.66,14.69
506,normal,Wed Nov  6 20:09:15 2019,0.36,5.39,14.69
507,normal,Wed Nov  6 20:09:16 2019,0.37,5.53,14.7
508,normal,Wed Nov  6 20:09:17 2019,0.33,4.85,14.69
509,normal,Wed Nov  6 20:09:18 2019,0.35,5.26,14.68
510,normal,Wed Nov  6 20:09:19 2019,0.38,5.66,14.69
511,normal,Wed Nov  6 20:09:20 2019,0.37,5.53,14.7
512,normal,Wed Nov  6 20:09:21 2019,0.33,4.98,14.69
513,normal,Wed Nov  6 20:09:22 2019,0.36,5.39,14.7
514,normal,Wed Nov  6 20:09:23 2019,0.38,5.66,14.68
515,normal,Wed Nov  6 20:09:24 2019,0.36,5.39,14.69
516,normal,Wed Nov  6 20:09:25 2019,0.38,5.66,14.69
517,normal,Wed Nov  6 20:09:26 2019,0.38,5.66,14.66
518,normal,Wed Nov  6 20:09:27 2019,0.33,4.98,14.68
519,normal,Wed Nov  6 20:09:28 2019,0.36,5.39,14.69
520,normal,Wed Nov  6 20:09:29 2019,0.33,4.85,14.68
521,normal,Wed Nov  6 20:09:30 2019,0.37,5.52,14.66
522,normal,Wed Nov  6 20:09:31 2019,0.38,5.66,14.69
523,normal,Wed Nov  6 20:09:32 2019,0.34,5.12,14.68
524,normal,Wed Nov  6 20:09:33 2019,0.33,4.98,14.68
525,normal,Wed Nov  6 20:09:34 2019,0.34,5.12,14.66
526,normal,Wed Nov  6 20:09:35 2019,0.32,4.71,14.67
527,normal,Wed Nov  6 20:09:36 2019,0.32,4.71,14.68
528,normal,Wed Nov  6 20:09:37 2019,0.38,5.66,14.69
529,normal,Wed Nov  6 20:09:38 2019,0.34,4.98,14.66
530,normal,Wed Nov  6 20:09:39 2019,0.33,4.85,14.68
531,normal,Wed Nov  6 20:09:40 2019,0.33,4.85,14.68
532,normal,Wed Nov  6 20:09:41 2019,0.34,5.12,14.68
533,normal,Wed Nov  6 20:09:42 2019,0.35,5.25,14.64
534,normal,Wed Nov  6 20:09:43 2019,0.32,4.71,14.68
535,normal,Wed Nov  6 20:09:44 2019,0.35,5.25,14.68
536,normal,Wed Nov  6 20:09:45 2019,0.36,5.39,14.67
537,normal,Wed Nov  6 20:09:46 2019,0.33,4.98,14.68
538,normal,Wed Nov  6 20:09:47 2019,0.33,4.98,14.68
539,normal,Wed Nov  6 20:09:48 2019,0.34,5.12,14.68
540,normal,Wed Nov  6 20:09:49 2019,0.37,5.52,14.68
541,normal,Wed Nov  6 20:09:50 2019,0.33,4.98,14.67
542,normal,Wed Nov  6 20:09:51 2019,0.36,5.39,14.67
543,normal,Wed Nov  6 20:09:52 2019,0.35,5.25,14.67
544,normal,Wed Nov  6 20:09:53 2019,0.33,4.98,14.68
545,normal,Wed Nov  6 20:09:54 2019,0.33,4.98,14.67
546,normal,Wed Nov  6 20:09:55 2019,0.34,5.11,14.67
547,normal,Wed Nov  6 20:09:56 2019,0.34,5.12,14.68
548,normal,Wed Nov  6 20:09:57 2019,0.37,5.52,14.68
549,normal,Wed Nov  6 20:09:58 2019,0.34,5.12,14.68
550,normal,Wed Nov  6 20:09:59 2019,0.33,4.98,14.68
551,normal,Wed Nov  6 20:10:00 2019,0.33,4.98,14.67
552,normal,Wed Nov  6 20:10:01 2019,0.35,5.25,14.66
553,normal,Wed Nov  6 20:10:02 2019,0.37,5.52,14.68
554,normal,Wed Nov  6 20:10:03 2019,0.32,4.71,14.67
555,normal,Wed Nov  6 20:10:04 2019,0.36,5.38,14.68
556,normal,Wed Nov  6 20:10:05 2019,0.35,5.25,14.67
557,normal,Wed Nov  6 20:10:06 2019,0.34,5.11,14.67
558,normal,Wed Nov  6 20:10:07 2019,0.33,4.85,14.67
559,normal,Wed Nov  6 20:10:08 2019,0.36,5.38,14.66
560,normal,Wed Nov  6 20:10:09 2019,0.37,5.52,14.67
561,normal,Wed Nov  6 20:10:10 2019,0.37,5.52,14.66
562,normal,Wed Nov  6 20:10:11 2019,0.33,4.98,14.67
563,normal,Wed Nov  6 20:10:12 2019,0.36,5.38,14.68
564,normal,Wed Nov  6 20:10:13 2019,0.32,4.71,14.66
565,normal,Wed Nov  6 20:10:14 2019,0.33,4.84,14.68
566,normal,Wed Nov  6 20:10:15 2019,0.33,4.84,14.67
567,normal,Wed Nov  6 20:10:16 2019,0.37,5.52,14.66
568,normal,Wed Nov  6 20:10:17 2019,0.37,5.52,14.67
569,normal,Wed Nov  6 20:10:18 2019,0.36,5.39,14.68
570,normal,Wed Nov  6 20:10:19 2019,0.36,5.38,14.68
571,normal,Wed Nov  6 20:10:20 2019,0.33,4.84,14.66
572,normal,Wed Nov  6 20:10:21 2019,0.34,5.11,14.66
573,normal,Wed Nov  6 20:10:22 2019,0.37,5.52,14.67
574,normal,Wed Nov  6 20:10:23 2019,0.36,5.38,14.66
575,normal,Wed Nov  6 20:10:24 2019,0.36,5.38,14.67
576,normal,Wed Nov  6 20:10:25 2019,0.33,4.98,14.66
577,normal,Wed Nov  6 20:10:26 2019,0.38,5.65,14.66
578,normal,Wed Nov  6 20:10:27 2019,0.33,4.84,14.66
579,normal,Wed Nov  6 20:10:28 2019,0.34,5.11,14.68
580,normal,Wed Nov  6 20:10:29 2019,0.34,5.11,14.67
581,normal,Wed Nov  6 20:10:31 2019,0.35,5.25,14.67
582,normal,Wed Nov  6 20:10:32 2019,0.35,5.25,14.66
583,normal,Wed Nov  6 20:10:33 2019,0.36,5.38,14.67
584,normal,Wed Nov  6 20:10:34 2019,0.33,4.98,14.66
585,normal,Wed Nov  6 20:10:35 2019,0.35,5.25,14.67
586,normal,Wed Nov  6 20:10:36 2019,0.34,4.98,14.65
587,normal,Wed Nov  6 20:10:37 2019,0.32,4.71,14.64
588,normal,Wed Nov  6 20:10:38 2019,0.36,5.38,14.67
589,normal,Wed Nov  6 20:10:39 2019,0.33,4.84,14.67
590,normal,Wed Nov  6 20:10:40 2019,0.38,5.65,14.66
591,normal,Wed Nov  6 20:10:41 2019,0.33,4.98,14.67
592,normal,Wed Nov  6 20:10:42 2019,0.31,4.57,14.66
593,normal,Wed Nov  6 20:10:43 2019,0.35,5.25,14.67
594,normal,Wed Nov  6 20:10:44 2019,0.37,5.51,14.66
595,normal,Wed Nov  6 20:10:45 2019,0.32,4.71,14.66
596,normal,Wed Nov  6 20:10:46 2019,0.33,4.84,14.64
597,normal,Wed Nov  6 20:10:47 2019,0.32,4.71,14.66
598,normal,Wed Nov  6 20:10:48 2019,0.33,4.98,14.66
599,normal,Wed Nov  6 20:10:49 2019,0.37,5.52,14.66
600,normal,Wed Nov  6 20:10:50 2019,0.33,4.84,14.66
601,normal,Wed Nov  6 20:10:51 2019,0.34,5.11,14.66
602,normal,Wed Nov  6 20:10:52 2019,0.33,4.84,14.65
603,normal,Wed Nov  6 20:10:53 2019,0.34,5.11,14.65
604,normal,Wed Nov  6 20:10:54 2019,0.34,5.11,14.67
605,normal,Wed Nov  6 20:10:55 2019,0.33,4.84,14.67
606,normal,Wed Nov  6 20:10:56 2019,0.37,5.52,14.66
607,normal,Wed Nov  6 20:10:57 2019,0.33,4.84,14.65
608,normal,Wed Nov  6 20:10:58 2019,0.35,5.24,14.65
609,normal,Wed Nov  6 20:10:59 2019,0.37,5.52,14.65
610,normal,Wed Nov  6 20:11:00 2019,0.33,4.84,14.66
611,normal,Wed Nov  6 20:11:01 2019,0.36,5.38,14.66
612,normal,Wed Nov  6 20:11:02 2019,0.35,5.24,14.65
613,normal,Wed Nov  6 20:11:03 2019,0.33,4.98,14.66
614,normal,Wed Nov  6 20:11:04 2019,0.35,5.24,14.64
615,normal,Wed Nov  6 20:11:05 2019,0.31,4.57,14.65
616,normal,Wed Nov  6 20:11:06 2019,0.33,4.98,14.66
617,normal,Wed Nov  6 20:11:07 2019,0.31,4.57,14.65
618,normal,Wed Nov  6 20:11:08 2019,0.35,5.25,14.65
619,normal,Wed Nov  6 20:11:09 2019,0.37,5.51,14.66
620,normal,Wed Nov  6 20:11:10 2019,0.33,4.98,14.66
621,normal,Wed Nov  6 20:11:11 2019,0.35,5.24,14.66
622,normal,Wed Nov  6 20:11:12 2019,0.35,5.24,14.66
623,normal,Wed Nov  6 20:11:13 2019,0.34,5.11,14.66
624,normal,Wed Nov  6 20:11:14 2019,0.33,4.98,14.65
625,normal,Wed Nov  6 20:11:15 2019,0.34,5.11,14.65
626,normal,Wed Nov  6 20:11:16 2019,0.35,5.24,14.66
627,normal,Wed Nov  6 20:11:17 2019,0.31,4.57,14.65
628,normal,Wed Nov  6 20:11:18 2019,0.33,4.98,14.66
629,normal,Wed Nov  6 20:11:19 2019,0.11,1.61,14.51
630,normal,Wed Nov  6 20:11:20 2019,0.12,1.74,14.48
631,normal,Wed Nov  6 20:11:21 2019,0.35,5.24,14.66
632,normal,Wed Nov  6 20:11:22 2019,0.34,5.11,14.66
633,normal,Wed Nov  6 20:11:23 2019,0.1,1.47,14.47
634,normal,Wed Nov  6 20:11:24 2019,0.03,0.53,14.47
635,normal,Wed Nov  6 20:11:25 2019,0.04,0.67,14.46
636,normal,Wed Nov  6 20:11:26 2019,0.1,1.47,14.46
637,normal,Wed Nov  6 20:11:27 2019,0.28,4.16,14.59
638,normal,Wed Nov  6 20:11:28 2019,0.22,3.22,14.54
639,normal,Wed Nov  6 20:11:29 2019,0.08,1.2,14.45
640,normal,Wed Nov  6 20:11:30 2019,0.27,4.02,14.59
641,normal,Wed Nov  6 20:11:31 2019,0.25,3.76,14.57
642,normal,Wed Nov  6 20:11:32 2019,0.23,3.49,14.59
643,normal,Wed Nov  6 20:11:33 2019,0.25,3.76,14.59
644,normal,Wed Nov  6 20:11:34 2019,0.3,4.43,14.59
645,normal,Wed Nov  6 20:11:35 2019,0.3,4.43,14.59
646,normal,Wed Nov  6 20:11:36 2019,0.27,4.02,14.59
647,normal,Wed Nov  6 20:11:37 2019,0.29,4.29,14.59
648,normal,Wed Nov  6 20:11:38 2019,0.24,3.62,14.6
649,normal,Wed Nov  6 20:11:39 2019,0.29,4.29,14.58
650,normal,Wed Nov  6 20:11:40 2019,0.26,3.89,14.59
651,normal,Wed Nov  6 20:11:41 2019,0.27,4.02,14.58
652,normal,Wed Nov  6 20:11:42 2019,0.24,3.62,14.58
653,normal,Wed Nov  6 20:11:43 2019,0.26,3.89,14.58
654,normal,Wed Nov  6 20:11:44 2019,0.26,3.89,14.59
655,normal,Wed Nov  6 20:11:45 2019,0.25,3.76,14.59
656,normal,Wed Nov  6 20:11:46 2019,0.24,3.62,14.59
657,normal,Wed Nov  6 20:11:47 2019,0.3,4.42,14.58
658,normal,Wed Nov  6 20:11:48 2019,0.28,4.16,14.59
659,normal,Wed Nov  6 20:11:49 2019,0.23,3.49,14.58
660,normal,Wed Nov  6 20:11:50 2019,0.25,3.76,14.58
661,normal,Wed Nov  6 20:11:51 2019,0.23,3.48,14.58
662,normal,Wed Nov  6 20:11:52 2019,0.27,4.02,14.57
663,normal,Wed Nov  6 20:11:53 2019,0.28,4.16,14.58
664,normal,Wed Nov  6 20:11:54 2019,0.29,4.29,14.58
665,normal,Wed Nov  6 20:11:55 2019,0.26,3.89,14.59
666,normal,Wed Nov  6 20:11:56 2019,0.25,3.76,14.59
667,normal,Wed Nov  6 20:11:57 2019,0.24,3.62,14.57
668,normal,Wed Nov  6 20:11:58 2019,0.25,3.75,14.59
669,normal,Wed Nov  6 20:11:59 2019,0.23,3.48,14.58
670,normal,Wed Nov  6 20:12:00 2019,0.28,4.16,14.58
671,normal,Wed Nov  6 20:12:01 2019,0.24,3.62,14.58
672,normal,Wed Nov  6 20:12:02 2019,0.25,3.75,14.59
673,normal,Wed Nov  6 20:12:03 2019,0.29,4.29,14.58
674,normal,Wed Nov  6 20:12:04 2019,0.24,3.62,14.58
675,normal,Wed Nov  6 20:12:05 2019,0.25,3.75,14.57
676,normal,Wed Nov  6 20:12:06 2019,0.29,4.29,14.58
677,normal,Wed Nov  6 20:12:07 2019,0.24,3.62,14.58
678,normal,Wed Nov  6 20:12:08 2019,0.25,3.75,14.57
679,normal,Wed Nov  6 20:12:09 2019,0.25,3.75,14.57
680,normal,Wed Nov  6 20:12:10 2019,0.26,3.89,14.58
681,normal,Wed Nov  6 20:12:11 2019,0.25,3.75,14.58
682,normal,Wed Nov  6 20:12:12 2019,0.3,4.42,14.59
683,normal,Wed Nov  6 20:12:13 2019,0.25,3.75,14.57
684,normal,Wed Nov  6 20:12:14 2019,0.24,3.62,14.57
685,normal,Wed Nov  6 20:12:16 2019,0.22,3.35,14.59
686,normal,Wed Nov  6 20:12:17 2019,0.23,3.35,14.58
687,normal,Wed Nov  6 20:12:18 2019,0.28,4.16,14.58
688,normal,Wed Nov  6 20:12:19 2019,0.29,4.29,14.57
689,normal,Wed Nov  6 20:12:20 2019,0.27,4.02,14.59
690,normal,Wed Nov  6 20:12:21 2019,0.26,3.89,14.55
691,normal,Wed Nov  6 20:12:22 2019,0.28,4.16,14.57
692,normal,Wed Nov  6 20:12:23 2019,0.27,4.02,14.56
693,normal,Wed Nov  6 20:12:24 2019,0.29,4.29,14.58
694,normal,Wed Nov  6 20:12:25 2019,0.23,3.48,14.59
695,normal,Wed Nov  6 20:12:26 2019,0.29,4.29,14.58
696,normal,Wed Nov  6 20:12:27 2019,0.26,3.88,14.55
697,normal,Wed Nov  6 20:12:28 2019,0.24,3.62,14.56
698,normal,Wed Nov  6 20:12:29 2019,0.22,3.35,14.58
699,normal,Wed Nov  6 20:12:30 2019,0.26,3.89,14.57
700,normal,Wed Nov  6 20:12:31 2019,0.29,4.29,14.59
701,normal,Wed Nov  6 20:12:32 2019,0.25,3.75,14.57
702,normal,Wed Nov  6 20:12:33 2019,0.27,4.02,14.58
703,normal,Wed Nov  6 20:12:34 2019,0.26,3.89,14.56
704,normal,Wed Nov  6 20:12:35 2019,0.29,4.29,14.58
705,normal,Wed Nov  6 20:12:36 2019,0.26,3.88,14.57
706,normal,Wed Nov  6 20:12:37 2019,0.29,4.29,14.57
707,normal,Wed Nov  6 20:12:38 2019,0.28,4.16,14.58
708,normal,Wed Nov  6 20:12:39 2019,0.27,4.02,14.57
709,normal,Wed Nov  6 20:12:40 2019,0.25,3.75,14.57
710,normal,Wed Nov  6 20:12:41 2019,0.28,4.16,14.58
711,normal,Wed Nov  6 20:12:42 2019,0.28,4.15,14.57
712,normal,Wed Nov  6 20:12:43 2019,0.29,4.29,14.57
713,normal,Wed Nov  6 20:12:44 2019,0.25,3.75,14.55
714,normal,Wed Nov  6 20:12:45 2019,0.29,4.29,14.55
715,normal,Wed Nov  6 20:12:46 2019,0.28,4.15,14.57
716,normal,Wed Nov  6 20:12:47 2019,0.28,4.16,14.55
717,normal,Wed Nov  6 20:12:48 2019,0.25,3.75,14.59
718,normal,Wed Nov  6 20:12:49 2019,0.25,3.75,14.56
719,normal,Wed Nov  6 20:12:50 2019,0.27,4.02,14.56
720,normal,Wed Nov  6 20:12:51 2019,0.22,3.35,14.59
721,normal,Wed Nov  6 20:12:52 2019,0.23,3.35,14.58
722,normal,Wed Nov  6 20:12:53 2019,0.28,4.16,14.58
723,normal,Wed Nov  6 20:12:54 2019,0.29,4.29,14.57
724,normal,Wed Nov  6 20:12:55 2019,0.27,4.02,14.59
725,normal,Wed Nov  6 20:12:56 2019,0.26,3.89,14.55
726,normal,Wed Nov  6 20:12:57 2019,0.28,4.16,14.57
727,normal,Wed Nov  6 20:12:58 2019,0.27,4.02,14.56
728,normal,Wed Nov  6 20:12:59 2019,0.29,4.29,14.58
729,normal,Wed Nov  6 20:13:00 2019,0.23,3.48,14.59
730,normal,Wed Nov  6 20:13:01 2019,0.29,4.29,14.58
731,normal,Wed Nov  6 20:13:02 2019,0.26,3.88,14.55
732,normal,Wed Nov  6 20:13:03 2019,0.24,3.62,14.56
733,normal,Wed Nov  6 20:13:04 2019,0.22,3.35,14.58
734,normal,Wed Nov  6 20:13:05 2019,0.26,3.89,14.57
735,normal,Wed Nov  6 20:13:06 2019,0.27,4.02,14.59
736,normal,Wed Nov  6 20:13:07 2019,0.26,3.89,14.55
737,normal,Wed Nov  6 20:13:08 2019,0.28,4.16,14.57
738,normal,Wed Nov  6 20:13:09 2019,0.27,4.02,14.56
739,normal,Wed Nov  6 20:13:10 2019,0.29,4.29,14.58
740,normal,Wed Nov  6 20:13:11 2019,0.23,3.48,14.59
741,normal,Wed Nov  6 20:13:12 2019,0.29,4.29,14.58
742,normal,Wed Nov  6 20:13:13 2019,0.26,3.88,14.55
743,normal,Wed Nov  6 20:13:14 2019,0.24,3.62,14.56
744,normal,Wed Nov  6 20:13:15 2019,0.22,3.35,14.58
745,normal,Wed Nov  6 20:13:16 2019,0.26,3.89,14.57
746,normal,Wed Nov  6 20:13:17 2019,0.29,4.29,14.59
747,normal,Wed Nov  6 20:13:18 2019,0.25,3.75,14.57
748,normal,Wed Nov  6 20:13:19 2019,0.27,4.02,14.58
749,normal,Wed Nov  6 20:13:20 2019,0.26,3.89,14.56
750,normal,Wed Nov  6 20:13:21 2019,0.29,4.29,14.58
751,normal,Wed Nov  6 20:13:22 2019,0.26,3.88,14.57
752,normal,Wed Nov  6 20:13:23 2019,0.29,4.29,14.57
753,normal,Wed Nov  6 20:13:24 2019,0.28,4.16,14.58
754,normal,Wed Nov  6 20:13:25 2019,0.27,4.02,14.57
755,normal,Wed Nov  6 20:13:26 2019,0.25,3.75,14.57
756,normal,Wed Nov  6 20:13:27 2019,0.28,4.16,14.58
757,normal,Wed Nov  6 20:13:28 2019,0.28,4.15,14.57
758,normal,Wed Nov  6 20:13:29 2019,0.29,4.29,14.57